[
    "Airdrie Alberta, CAN",
    "Banff Alberta, CAN",
    "Beaumont Alberta, CAN",
    "Blackfalds Alberta, CAN",
    "Bonnyville Alberta, CAN",
    "Brooks Alberta, CAN",
    "Calgary Alberta, CAN",
    "Camrose Alberta, CAN",
    "Canmore Alberta, CAN",
    "Chestermere Alberta, CAN",
    "Coaldale Alberta, CAN",
    "Cochrane Alberta, CAN",
    "Cold Lake Alberta, CAN",
    "Crowsnest Pass Alberta, CAN",
    "Devon Alberta, CAN",
    "Didsbury Alberta, CAN",
    "Drayton Valley Alberta, CAN",
    "Drumheller Alberta, CAN",
    "Edmonton Alberta, CAN",
    "Edson Alberta, CAN",
    "Fort Saskatchewan Alberta, CAN",
    "Grande Prairie Alberta, CAN",
    "High River Alberta, CAN",
    "Hinton Alberta, CAN",
    "Innisfail Alberta, CAN",
    "Lacombe Alberta, CAN",
    "Leduc Alberta, CAN",
    "Lethbridge Alberta, CAN",
    "Lloydminster Alberta, CAN",
    "Medicine Hat Alberta, CAN",
    "Morinville Alberta, CAN",
    "Okotoks Alberta, CAN",
    "Olds Alberta, CAN",
    "Peace River Alberta, CAN",
    "Ponoka Alberta, CAN",
    "Red Deer Alberta, CAN",
    "Redcliff Alberta, CAN",
    "Rocky Mountain House Alberta, CAN",
    "Slave Lake Alberta, CAN",
    "Spruce Grove Alberta, CAN",
    "St. Albert Alberta, CAN",
    "St. Paul Alberta, CAN",
    "Stettler Alberta, CAN",
    "Stony Plain Alberta, CAN",
    "Strathmore Alberta, CAN",
    "Sylvan Lake Alberta, CAN",
    "Taber Alberta, CAN",
    "Vegreville Alberta, CAN",
    "Wainwright Alberta, CAN",
    "Westlock Alberta, CAN",
    "Wetaskiwin Alberta, CAN",
    "Wood Buffalo Alberta, CAN",
    "Abbotsford British Columbia, CAN",
    "Burnaby British Columbia, CAN",
    "Campbell River British Columbia, CAN",
    "Castlegar British Columbia, CAN",
    "Central Saanich British Columbia, CAN",
    "Chilliwack British Columbia, CAN",
    "Coldstream British Columbia, CAN",
    "Colwood British Columbia, CAN",
    "Comox British Columbia, CAN",
    "Coquitlam British Columbia, CAN",
    "Courtenay British Columbia, CAN",
    "Cranbrook British Columbia, CAN",
    "Creston British Columbia, CAN",
    "Dawson Creek British Columbia, CAN",
    "Delta British Columbia, CAN",
    "Duncan British Columbia, CAN",
    "East Kelowna British Columbia, CAN",
    "Esquimalt British Columbia, CAN",
    "Fernie British Columbia, CAN",
    "Fort St. John British Columbia, CAN",
    "Hope British Columbia, CAN",
    "Kamloops British Columbia, CAN",
    "Kelowna British Columbia, CAN",
    "Kent British Columbia, CAN",
    "Kimberley British Columbia, CAN",
    "Kitimat British Columbia, CAN",
    "Ladysmith British Columbia, CAN",
    "Lake Country British Columbia, CAN",
    "Langford Station British Columbia, CAN",
    "Langley British Columbia, CAN",
    "Maple Ridge British Columbia, CAN",
    "Merritt British Columbia, CAN",
    "Mission British Columbia, CAN",
    "Nanaimo British Columbia, CAN",
    "Nelson British Columbia, CAN",
    "New Westminster British Columbia, CAN",
    "North Cowichan British Columbia, CAN",
    "North Saanich British Columbia, CAN",
    "North Vancouver British Columbia, CAN",
    "Northern Rockies British Columbia, CAN",
    "Oak Bay British Columbia, CAN",
    "Osoyoos British Columbia, CAN",
    "Parksville British Columbia, CAN",
    "Peachland British Columbia, CAN",
    "Penticton British Columbia, CAN",
    "Pitt Meadows British Columbia, CAN",
    "Port Alberni British Columbia, CAN",
    "Port Coquitlam British Columbia, CAN",
    "Port Moody British Columbia, CAN",
    "Powell River British Columbia, CAN",
    "Prince George British Columbia, CAN",
    "Prince Rupert British Columbia, CAN",
    "Qualicum Beach British Columbia, CAN",
    "Quesnel British Columbia, CAN",
    "Richmond British Columbia, CAN",
    "Saanich British Columbia, CAN",
    "Salmon Arm British Columbia, CAN",
    "Sechelt British Columbia, CAN",
    "Sidney British Columbia, CAN",
    "Smithers British Columbia, CAN",
    "Sooke British Columbia, CAN",
    "Spallumcheen British Columbia, CAN",
    "Squamish British Columbia, CAN",
    "Summerland British Columbia, CAN",
    "Surrey British Columbia, CAN",
    "Terrace British Columbia, CAN",
    "Trail British Columbia, CAN",
    "Vancouver British Columbia, CAN",
    "Vernon British Columbia, CAN",
    "Victoria British Columbia, CAN",
    "View Royal British Columbia, CAN",
    "West Vancouver British Columbia, CAN",
    "Whistler British Columbia, CAN",
    "White Rock British Columbia, CAN",
    "Williams Lake British Columbia, CAN",
    "Brandon Manitoba, CAN",
    "Brokenhead Manitoba, CAN",
    "Dauphin Manitoba, CAN",
    "East St. Paul Manitoba, CAN",
    "Gimli Manitoba, CAN",
    "Hanover Manitoba, CAN",
    "La Broquerie Manitoba, CAN",
    "Macdonald Manitoba, CAN",
    "Morden Manitoba, CAN",
    "Portage La Prairie Manitoba, CAN",
    "Ritchot Manitoba, CAN",
    "Rockwood Manitoba, CAN",
    "Selkirk Manitoba, CAN",
    "Springfield Manitoba, CAN",
    "St. Andrews Manitoba, CAN",
    "St. Clements Manitoba, CAN",
    "Stanley Manitoba, CAN",
    "Ste. Anne Manitoba, CAN",
    "Steinbach Manitoba, CAN",
    "Taché Manitoba, CAN",
    "The Pas Manitoba, CAN",
    "Thompson Manitoba, CAN",
    "West St. Paul Manitoba, CAN",
    "Winkler Manitoba, CAN",
    "Winnipeg Manitoba, CAN",
    "Bathurst New Brunswick, CAN",
    "Beaubassin East / Beaubassin-est New Brunswick, CAN",
    "Beresford New Brunswick, CAN",
    "Burton New Brunswick, CAN",
    "Campbellton New Brunswick, CAN",
    "Dieppe New Brunswick, CAN",
    "Douglas New Brunswick, CAN",
    "Edmundston New Brunswick, CAN",
    "Fredericton New Brunswick, CAN",
    "Grand Falls New Brunswick, CAN",
    "Miramichi New Brunswick, CAN",
    "Moncton New Brunswick, CAN",
    "Oromocto New Brunswick, CAN",
    "Quispamsis New Brunswick, CAN",
    "Riverview New Brunswick, CAN",
    "Rothesay New Brunswick, CAN",
    "Sackville New Brunswick, CAN",
    "Saint John New Brunswick, CAN",
    "Shediac New Brunswick, CAN",
    "Tracadie New Brunswick, CAN",
    "Woodstock New Brunswick, CAN",
    "Bay Roberts Newfoundland and Labrador, CAN",
    "Clarenville Newfoundland and Labrador, CAN",
    "Conception Bay South Newfoundland and Labrador, CAN",
    "Corner Brook Newfoundland and Labrador, CAN",
    "Deer Lake Newfoundland and Labrador, CAN",
    "Gander Newfoundland and Labrador, CAN",
    "Grand Falls Newfoundland and Labrador, CAN",
    "Happy Valley Newfoundland and Labrador, CAN",
    "Labrador City Newfoundland and Labrador, CAN",
    "Marystown Newfoundland and Labrador, CAN",
    "Mount Pearl Park Newfoundland and Labrador, CAN",
    "Paradise Newfoundland and Labrador, CAN",
    "Portugal Cove-St. Philip's Newfoundland and Labrador, CAN",
    "St. John's Newfoundland and Labrador, CAN",
    "Stephenville Newfoundland and Labrador, CAN",
    "Torbay Newfoundland and Labrador, CAN",
    "Yellowknife Northwest Territories, CAN",
    "Amherst Nova Scotia, CAN",
    "Antigonish Nova Scotia, CAN",
    "Argyle Nova Scotia, CAN",
    "Barrington Nova Scotia, CAN",
    "Bridgewater Nova Scotia, CAN",
    "Cape Breton Nova Scotia, CAN",
    "Chester Nova Scotia, CAN",
    "Church Point Nova Scotia, CAN",
    "Halifax Nova Scotia, CAN",
    "Inverness Nova Scotia, CAN",
    "Kentville Nova Scotia, CAN",
    "New Glasgow Nova Scotia, CAN",
    "Queens Nova Scotia, CAN",
    "Truro Nova Scotia, CAN",
    "Yarmouth Nova Scotia, CAN",
    "Iqaluit Nunavut, CAN",
    "Adjala-Tosorontio Ontario, CAN",
    "Ajax Ontario, CAN",
    "Alfred and Plantagenet Ontario, CAN",
    "Alnwick/Haldimand Ontario, CAN",
    "Amherstburg Ontario, CAN",
    "Arnprior Ontario, CAN",
    "Arran-Elderslie Ontario, CAN",
    "Ashfield-Colborne-Wawanosh Ontario, CAN",
    "Augusta Ontario, CAN",
    "Aurora Ontario, CAN",
    "Aylmer Ontario, CAN",
    "Barrie Ontario, CAN",
    "Bayham Ontario, CAN",
    "Beckwith Ontario, CAN",
    "Belleville Ontario, CAN",
    "Blandford-Blenheim Ontario, CAN",
    "Bluewater Ontario, CAN",
    "Bracebridge Ontario, CAN",
    "Bradford West Gwillimbury Ontario, CAN",
    "Brampton Ontario, CAN",
    "Brant Ontario, CAN",
    "Brantford Ontario, CAN",
    "Brighton Ontario, CAN",
    "Brock Ontario, CAN",
    "Brockton Ontario, CAN",
    "Brockville Ontario, CAN",
    "Burlington Ontario, CAN",
    "Caledon Ontario, CAN",
    "Cambridge Ontario, CAN",
    "Carleton Place Ontario, CAN",
    "Cavan Monaghan Ontario, CAN",
    "Central Elgin Ontario, CAN",
    "Central Huron Ontario, CAN",
    "Centre Wellington Ontario, CAN",
    "Champlain Ontario, CAN",
    "Chatham Ontario, CAN",
    "Chatsworth Ontario, CAN",
    "Clarence-Rockland Ontario, CAN",
    "Clarington Ontario, CAN",
    "Clearview Ontario, CAN",
    "Cobourg Ontario, CAN",
    "Cochrane Ontario, CAN",
    "Collingwood Ontario, CAN",
    "Cornwall Ontario, CAN",
    "Cramahe Ontario, CAN",
    "Douro-Dummer Ontario, CAN",
    "Drummond/North Elmsley Ontario, CAN",
    "Dryden Ontario, CAN",
    "Dysart et al Ontario, CAN",
    "East Gwillimbury Ontario, CAN",
    "East Zorra-Tavistock Ontario, CAN",
    "Edwardsburgh/Cardinal Ontario, CAN",
    "Elizabethtown-Kitley Ontario, CAN",
    "Elliot Lake Ontario, CAN",
    "Erin Ontario, CAN",
    "Essa Ontario, CAN",
    "Essex Ontario, CAN",
    "Fort Erie Ontario, CAN",
    "Fort Frances Ontario, CAN",
    "Front of Yonge Ontario, CAN",
    "Gananoque Ontario, CAN",
    "Georgian Bluffs Ontario, CAN",
    "Georgina Ontario, CAN",
    "Goderich Ontario, CAN",
    "Gravenhurst Ontario, CAN",
    "Greater Napanee Ontario, CAN",
    "Grey Highlands Ontario, CAN",
    "Grimsby Ontario, CAN",
    "Guelph Ontario, CAN",
    "Guelph/Eramosa Ontario, CAN",
    "Halton Hills Ontario, CAN",
    "Hamilton Ontario, CAN",
    "Hamilton Township Ontario, CAN",
    "Hanover Ontario, CAN",
    "Hawkesbury Ontario, CAN",
    "Hearst Ontario, CAN",
    "Hindon Hill Ontario, CAN",
    "Huntsville Ontario, CAN",
    "Huron East Ontario, CAN",
    "Huron-Kinloss Ontario, CAN",
    "Ingersoll Ontario, CAN",
    "Innisfil Ontario, CAN",
    "Kapuskasing Ontario, CAN",
    "Kawartha Lakes Ontario, CAN",
    "Kenora Ontario, CAN",
    "Kincardine Ontario, CAN",
    "Kingsville Ontario, CAN",
    "Kirkland Lake Ontario, CAN",
    "Kitchener Ontario, CAN",
    "LaSalle Ontario, CAN",
    "Lakeshore Ontario, CAN",
    "Lambton Shores Ontario, CAN",
    "Lanark Highlands Ontario, CAN",
    "Laurentian Valley Ontario, CAN",
    "Leamington Ontario, CAN",
    "Leeds and the Thousand Islands Ontario, CAN",
    "Lincoln Ontario, CAN",
    "London Ontario, CAN",
    "Loyalist Ontario, CAN",
    "Malahide Ontario, CAN",
    "Mapleton Ontario, CAN",
    "Markham Ontario, CAN",
    "McNab/Braeside Ontario, CAN",
    "Meaford Ontario, CAN",
    "Middlesex Centre Ontario, CAN",
    "Midland Ontario, CAN",
    "Milton Ontario, CAN",
    "Minto Ontario, CAN",
    "Mississauga Ontario, CAN",
    "Mississippi Mills Ontario, CAN",
    "Mono Ontario, CAN",
    "Muskoka Falls Ontario, CAN",
    "New Tecumseth Ontario, CAN",
    "Newmarket Ontario, CAN",
    "Niagara Falls Ontario, CAN",
    "Niagara-on-the-Lake Ontario, CAN",
    "North Bay Ontario, CAN",
    "North Dumfries Ontario, CAN",
    "North Dundas Ontario, CAN",
    "North Glengarry Ontario, CAN",
    "North Grenville Ontario, CAN",
    "North Middlesex Ontario, CAN",
    "North Perth Ontario, CAN",
    "North Stormont Ontario, CAN",
    "Norwich Ontario, CAN",
    "Oakville Ontario, CAN",
    "Oliver Paipoonge Ontario, CAN",
    "Orangeville Ontario, CAN",
    "Orillia Ontario, CAN",
    "Oro-Medonte Ontario, CAN",
    "Oshawa Ontario, CAN",
    "Otonabee-South Monaghan Ontario, CAN",
    "Ottawa Ontario, CAN",
    "Owen Sound Ontario, CAN",
    "Parry Sound Ontario, CAN",
    "Pelham Ontario, CAN",
    "Pembroke Ontario, CAN",
    "Penetanguishene Ontario, CAN",
    "Perth Ontario, CAN",
    "Perth East Ontario, CAN",
    "Petawawa Ontario, CAN",
    "Peterborough Ontario, CAN",
    "Petrolia Ontario, CAN",
    "Pickering Ontario, CAN",
    "Plympton-Wyoming Ontario, CAN",
    "Port Colborne Ontario, CAN",
    "Port Hope Ontario, CAN",
    "Puslinch Ontario, CAN",
    "Quinte West Ontario, CAN",
    "Ramara Ontario, CAN",
    "Renfrew Ontario, CAN",
    "Richmond Hill Ontario, CAN",
    "Rideau Lakes Ontario, CAN",
    "Russell Ontario, CAN",
    "Sarnia Ontario, CAN",
    "Saugeen Shores Ontario, CAN",
    "Sault Ste. Marie Ontario, CAN",
    "Scugog Ontario, CAN",
    "Selwyn Ontario, CAN",
    "Severn Ontario, CAN",
    "Shelburne Ontario, CAN",
    "Sioux Lookout Ontario, CAN",
    "Smiths Falls Ontario, CAN",
    "South Bruce Ontario, CAN",
    "South Bruce Peninsula Ontario, CAN",
    "South Dundas Ontario, CAN",
    "South Frontenac Ontario, CAN",
    "South Glengarry Ontario, CAN",
    "South Huron Ontario, CAN",
    "South Stormont Ontario, CAN",
    "South-West Oxford Ontario, CAN",
    "Southgate Ontario, CAN",
    "Southwest Middlesex Ontario, CAN",
    "Springwater Ontario, CAN",
    "St. Catharines Ontario, CAN",
    "St. Clair Ontario, CAN",
    "St. Marys Ontario, CAN",
    "St. Thomas Ontario, CAN",
    "Stone Mills Ontario, CAN",
    "Stouffville Ontario, CAN",
    "Stratford Ontario, CAN",
    "Strathroy-Caradoc Ontario, CAN",
    "Sudbury Ontario, CAN",
    "Tay Ontario, CAN",
    "Tay Valley Ontario, CAN",
    "Tecumseh Ontario, CAN",
    "Temiskaming Shores Ontario, CAN",
    "Thames Centre Ontario, CAN",
    "The Blue Mountains Ontario, CAN",
    "The Nation / La Nation Ontario, CAN",
    "Thorold Ontario, CAN",
    "Thunder Bay Ontario, CAN",
    "Tillsonburg Ontario, CAN",
    "Timmins Ontario, CAN",
    "Tiny Ontario, CAN",
    "Toronto Ontario, CAN",
    "Trent Hills Ontario, CAN",
    "Trent Lakes Ontario, CAN",
    "Tweed Ontario, CAN",
    "Uxbridge Ontario, CAN",
    "Vaughan Ontario, CAN",
    "Wainfleet Ontario, CAN",
    "Wasaga Beach Ontario, CAN",
    "Waterloo Ontario, CAN",
    "Welland Ontario, CAN",
    "Wellesley Ontario, CAN",
    "Wellington North Ontario, CAN",
    "West Grey Ontario, CAN",
    "West Lincoln Ontario, CAN",
    "West Nipissing / Nipissing Ouest Ontario, CAN",
    "West Perth Ontario, CAN",
    "Whitby Ontario, CAN",
    "Whitewater Region Ontario, CAN",
    "Wilmot Ontario, CAN",
    "Windsor Ontario, CAN",
    "Woodstock Ontario, CAN",
    "Woolwich Ontario, CAN",
    "Zorra Ontario, CAN",
    "Charlottetown Prince Edward Island, CAN",
    "Cornwall Prince Edward Island, CAN",
    "Stratford Prince Edward Island, CAN",
    "Summerside Prince Edward Island, CAN",
    "Acton Vale Quebec, CAN",
    "Alma Quebec, CAN",
    "Amos Quebec, CAN",
    "Amqui Quebec, CAN",
    "Asbestos Quebec, CAN",
    "Baie-Comeau Quebec, CAN",
    "Baie-Saint-Paul Quebec, CAN",
    "Beaconsfield Quebec, CAN",
    "Beauceville Quebec, CAN",
    "Beauharnois Quebec, CAN",
    "Beauport Quebec, CAN",
    "Beloeil Quebec, CAN",
    "Blainville Quebec, CAN",
    "Bois-des-Filion Quebec, CAN",
    "Boisbriand Quebec, CAN",
    "Boischatel Quebec, CAN",
    "Boucherville Quebec, CAN",
    "Bromont Quebec, CAN",
    "Brossard Quebec, CAN",
    "Brownsburg Quebec, CAN",
    "Bécancour Quebec, CAN",
    "Candiac Quebec, CAN",
    "Cantley Quebec, CAN",
    "Carignan Quebec, CAN",
    "Chambly Quebec, CAN",
    "Chandler Quebec, CAN",
    "Charlemagne Quebec, CAN",
    "Chibougamau Quebec, CAN",
    "Châteauguay Quebec, CAN",
    "Coaticook Quebec, CAN",
    "Contrecoeur Quebec, CAN",
    "Cookshire Quebec, CAN",
    "Coteau-du-Lac Quebec, CAN",
    "Cowansville Quebec, CAN",
    "Côte-Saint-Luc Quebec, CAN",
    "Delson Quebec, CAN",
    "Deux-Montagnes Quebec, CAN",
    "Dollard-des-Ormeaux Quebec, CAN",
    "Donnacona Quebec, CAN",
    "Dorval Quebec, CAN",
    "Drummondville Quebec, CAN",
    "Farnham Quebec, CAN",
    "Gaspé Quebec, CAN",
    "Gatineau Quebec, CAN",
    "Granby Quebec, CAN",
    "Hampstead Quebec, CAN",
    "Hudson Quebec, CAN",
    "Joliette Quebec, CAN",
    "Kirkland Quebec, CAN",
    "L'Ange-Gardien Quebec, CAN",
    "La Malbaie Quebec, CAN",
    "La Prairie Quebec, CAN",
    "La Pêche Quebec, CAN",
    "La Sarre Quebec, CAN",
    "La Tuque Quebec, CAN",
    "Lac-Brome Quebec, CAN",
    "Lac-Mégantic Quebec, CAN",
    "Lachute Quebec, CAN",
    "Laval Quebec, CAN",
    "Lavaltrie Quebec, CAN",
    "Les Cèdres Quebec, CAN",
    "Les Îles-de-la-Madeleine Quebec, CAN",
    "Longueuil Quebec, CAN",
    "Lorraine Quebec, CAN",
    "Louiseville Quebec, CAN",
    "Lévis Quebec, CAN",
    "L’Ancienne-Lorette Quebec, CAN",
    "L’Assomption Quebec, CAN",
    "L’Epiphanie Quebec, CAN",
    "L’Île-Perrot Quebec, CAN",
    "Magog Quebec, CAN",
    "Marieville Quebec, CAN",
    "Mascouche Quebec, CAN",
    "Matane Quebec, CAN",
    "McMasterville Quebec, CAN",
    "Mercier Quebec, CAN",
    "Mirabel Quebec, CAN",
    "Mistassini Quebec, CAN",
    "Mont-Joli Quebec, CAN",
    "Mont-Laurier Quebec, CAN",
    "Mont-Royal Quebec, CAN",
    "Mont-Saint-Hilaire Quebec, CAN",
    "Mont-Tremblant Quebec, CAN",
    "Montmagny Quebec, CAN",
    "Montréal Quebec, CAN",
    "Montréal-Ouest Quebec, CAN",
    "Nicolet Quebec, CAN",
    "Notre-Dame-de-l'Île-Perrot Quebec, CAN",
    "Notre-Dame-des-Prairies Quebec, CAN",
    "Notre-Dame-du-Mont-Carmel Quebec, CAN",
    "Old Chelsea Quebec, CAN",
    "Otterburn Park Quebec, CAN",
    "Pincourt Quebec, CAN",
    "Plessisville Quebec, CAN",
    "Pointe-Calumet Quebec, CAN",
    "Pointe-Claire Quebec, CAN",
    "Pont-Rouge Quebec, CAN",
    "Pontiac Quebec, CAN",
    "Port-Cartier Quebec, CAN",
    "Princeville Quebec, CAN",
    "Prévost Quebec, CAN",
    "Quebec City Quebec, CAN",
    "Rawdon Quebec, CAN",
    "Repentigny Quebec, CAN",
    "Richelieu Quebec, CAN",
    "Rigaud Quebec, CAN",
    "Rimouski Quebec, CAN",
    "Rivière-du-Loup Quebec, CAN",
    "Roberval Quebec, CAN",
    "Rosemère Quebec, CAN",
    "Rouyn-Noranda Quebec, CAN",
    "Saguenay Quebec, CAN",
    "Saint-Amable Quebec, CAN",
    "Saint-Apollinaire Quebec, CAN",
    "Saint-Augustin-de-Desmaures Quebec, CAN",
    "Saint-Basile-le-Grand Quebec, CAN",
    "Saint-Bruno-de-Montarville Quebec, CAN",
    "Saint-Calixte Quebec, CAN",
    "Saint-Charles-Borromée Quebec, CAN",
    "Saint-Colomban Quebec, CAN",
    "Saint-Constant Quebec, CAN",
    "Saint-Césaire Quebec, CAN",
    "Saint-Eustache Quebec, CAN",
    "Saint-Félicien Quebec, CAN",
    "Saint-Félix-de-Valois Quebec, CAN",
    "Saint-Henri Quebec, CAN",
    "Saint-Hippolyte Quebec, CAN",
    "Saint-Honoré Quebec, CAN",
    "Saint-Hyacinthe Quebec, CAN",
    "Saint-Jean-sur-Richelieu Quebec, CAN",
    "Saint-Joseph-du-Lac Quebec, CAN",
    "Saint-Jérôme Quebec, CAN",
    "Saint-Lambert Quebec, CAN",
    "Saint-Lambert-de-Lauzon Quebec, CAN",
    "Saint-Lazare Quebec, CAN",
    "Saint-Lin--Laurentides Quebec, CAN",
    "Saint-Paul Quebec, CAN",
    "Saint-Philippe Quebec, CAN",
    "Saint-Pie Quebec, CAN",
    "Saint-Raymond Quebec, CAN",
    "Saint-Rémi Quebec, CAN",
    "Saint-Sauveur Quebec, CAN",
    "Saint-Zotique Quebec, CAN",
    "Sainte-Adèle Quebec, CAN",
    "Sainte-Agathe-des-Monts Quebec, CAN",
    "Sainte-Anne-des-Monts Quebec, CAN",
    "Sainte-Anne-des-Plaines Quebec, CAN",
    "Sainte-Brigitte-de-Laval Quebec, CAN",
    "Sainte-Catherine Quebec, CAN",
    "Sainte-Catherine-de-la-Jacques-Cartier Quebec, CAN",
    "Sainte-Julie Quebec, CAN",
    "Sainte-Julienne Quebec, CAN",
    "Sainte-Marie Quebec, CAN",
    "Sainte-Marthe-sur-le-Lac Quebec, CAN",
    "Sainte-Martine Quebec, CAN",
    "Sainte-Sophie Quebec, CAN",
    "Sainte-Thérèse Quebec, CAN",
    "Salaberry-de-Valleyfield Quebec, CAN",
    "Sept-Îles Quebec, CAN",
    "Shannon Quebec, CAN",
    "Shawinigan Quebec, CAN",
    "Sherbrooke Quebec, CAN",
    "Sorel-Tracy Quebec, CAN",
    "Stoneham-et-Tewkesbury Quebec, CAN",
    "Terrebonne Quebec, CAN",
    "Thetford Mines Quebec, CAN",
    "Trois-Rivières Quebec, CAN",
    "Témiscouata-sur-le-Lac Quebec, CAN",
    "Val-David Quebec, CAN",
    "Val-Shefford Quebec, CAN",
    "Val-des-Monts Quebec, CAN",
    "Val-d’Or Quebec, CAN",
    "Varennes Quebec, CAN",
    "Vaudreuil-Dorion Quebec, CAN",
    "Verchères Quebec, CAN",
    "Victoriaville Quebec, CAN",
    "Westmount Quebec, CAN",
    "Windsor Quebec, CAN",
    "Corman Park No. 344 Saskatchewan, CAN",
    "Estevan Saskatchewan, CAN",
    "Flin Flon Saskatchewan, CAN",
    "Humboldt Saskatchewan, CAN",
    "La Ronge Saskatchewan, CAN",
    "Lloydminster Saskatchewan, CAN",
    "Martensville Saskatchewan, CAN",
    "Meadow Lake Saskatchewan, CAN",
    "Melfort Saskatchewan, CAN",
    "Moose Jaw Saskatchewan, CAN",
    "North Battleford Saskatchewan, CAN",
    "Prince Albert Saskatchewan, CAN",
    "Regina Saskatchewan, CAN",
    "Saskatoon Saskatchewan, CAN",
    "Swift Current Saskatchewan, CAN",
    "Warman Saskatchewan, CAN",
    "Weyburn Saskatchewan, CAN",
    "Yorkton Saskatchewan, CAN",
    "Whitehorse Yukon, CAN"
]